{"Training E": 0.0053718555718660355, "Training F": 0.022664140909910202, "Training gradients_norm": 0.3151129484176636, "Training loss": 0.022491218522191048, "_timestamp": 1687413529.289187, "Learning rate": 0.0009830661583691835, "Step time (s)": 0.012674808502197266, "Training step time (s)": 0.008188009262084961, "Validation step time (s)": null, "Total time (s)": 52.79874396324158, "Epoch": 40, "_runtime": 56.77875900268555, "_step": 1622}