{"Training E": 9.442947339266539e-05, "Training gradients_norm": 0.0011850573355332017, "Training loss": 9.442946975468658e-07, "_timestamp": 1687194156.298208, "Learning rate": 0.0006561068585142493, "_runtime": 475.8309199810028, "_step": 40000, "Step time (s)": 0.05600309371948242, "Training step time (s)": 0.004113912582397461, "Validation step time (s)": 0.001198345422744751, "Total time (s)": 390.69910645484924, "Epoch": 1000, "Validation E": 0.0022840239107608795, "Validation loss": 2.284023867105134e-05, "_wandb": {"runtime": 457}}