{"Training E": 0.016176003962755203, "Training F": 0.010296421125531197, "Training gradients_norm": 0.3934077322483063, "Training loss": 0.010355217382311821, "_timestamp": 1687413885.074364, "Learning rate": 0.0009730088640935719, "Step time (s)": 0.023328065872192383, "Training step time (s)": 0.018967151641845703, "Validation step time (s)": null, "Total time (s)": 100.33080530166626, "Epoch": 64, "_runtime": 106.05769801139832, "_step": 2598}