{"Training E": 0.005395222920924425, "Training F": 0.008076712489128113, "Training gradients_norm": 0.4717196524143219, "Training loss": 0.008049897849559784, "_timestamp": 1687413992.191296, "Learning rate": 0.0009717282373458147, "Step time (s)": 0.014370203018188477, "Training step time (s)": 0.01023101806640625, "Validation step time (s)": null, "Total time (s)": 77.66020178794861, "Epoch": 68, "_runtime": 83.50271511077881, "_step": 2723}