{"Training E": 0.002458446193486452, "Training F": 0.8909388780593872, "Training gradients_norm": 0.0006930885137990117, "Training loss": 0.8820540904998779, "_timestamp": 1687413368.6743739, "Learning rate": 0.0009595703450031579, "Step time (s)": 0.020450830459594727, "Training step time (s)": 0.016112089157104492, "Validation step time (s)": null, "Total time (s)": 132.9886929988861, "Epoch": 97, "_runtime": 140.21215391159058, "_step": 3918}