{"Training E": 0.043694160878658295, "Training gradients_norm": 0.01268297154456377, "Training loss": 0.000436941598309204, "_timestamp": 1687413209.273997, "Learning rate": 0.0009877901757135987, "Step time (s)": 0.011066913604736328, "Training step time (s)": 0.007058858871459961, "Validation step time (s)": null, "Total time (s)": 41.32635736465454, "Epoch": 29, "_runtime": 44.26959800720215, "_step": 1167}